task,language,status,compile_ms,runtime_ms,max_rss_kib,binary_bytes,source_bytes,nonblank_lines,tokens
hello,strut,ok,314.292787,1.288449,3868,14480,68,4,15
hello,cpp,ok,299.459268,1.3273445000000001,4020,14464,86,5,20
hello,rust,ok,70.541158,0.851834,2212,342544,45,3,12
hello,go,ok,110.256293,1.515995,1992,1585314,77,5,16
arithmetic,strut,ok,307.640862,33.499694500000004,4016,14456,161,8,44
arithmetic,cpp,ok,305.323913,34.624266,4052,14464,201,10,57
arithmetic,rust,ok,80.833018,28.119615500000002,2040,343176,130,7,37
arithmetic,go,ok,117.54232,33.426101,1996,1589410,160,9,41
fibonacci,strut,ok,391.493132,131.8591075,3812,14384,169,10,54
fibonacci,cpp,ok,316.423905,127.54592,3988,14464,181,11,59
fibonacci,rust,ok,77.111067,276.58513400000004,2072,342688,137,9,50
fibonacci,go,ok,108.121101,463.22162000000003,2156,1589410,163,11,50
vector_sum,strut,ok,360.334481,7.0653755,7824,14552,260,13,70
vector_sum,cpp,ok,340.432022,7.3416405000000005,7780,14560,314,15,84
vector_sum,rust,ok,102.603066,4.765112,6028,343704,233,11,65
vector_sum,go,ok,106.633843,23.230790499999998,27376,1589410,265,13,66
threads,strut,ok,776.987048,11.565978000000001,4084,31008,575,24,205
threads,cpp,ok,422.068611,13.879014000000002,3996,14632,547,23,186
threads,rust,ok,284.651307,12.630143,2288,372408,479,18,159
threads,go,ok,109.560755,15.629403499999999,2340,1589410,390,18,117
hot_loop,strut,ok,314.42599,127.746589,3824,14384,169,8,49
hot_loop,cpp,ok,299.392133,131.105258,3812,14464,159,3,60
hot_loop,rust,ok,78.922783,132.82296100000002,2040,343000,112,1,46
hot_loop,go,ok,105.089264,146.5609295,2156,1589410,137,3,49
lambda_map,strut,ok,378.652119,8.399082,11664,14552,318,15,92
lambda_map,cpp,ok,375.589186,8.754492500000001,11472,14560,378,4,137
lambda_map,rust,ok,112.07108,6.828374999999999,9868,343608,195,1,86
lambda_map,go,ok,104.912276,14.024437,18180,1589410,333,3,124
pointer_rc,strut,ok,422.347419,13.987404999999999,3812,14624,192,10,57
pointer_rc,cpp,ok,385.835661,8.5525785,3872,14632,201,4,76
pointer_rc,rust,ok,96.382342,53.9910955,2040,343080,166,2,69
pointer_rc,go,ok,118.657176,5.7339115,2152,1585314,141,3,55
pointer_rc_long,strut,ok,406.914384,43.209486,3980,14624,193,10,57
pointer_rc_long,cpp,ok,389.718586,50.052419,3872,14632,202,4,76
pointer_rc_long,rust,ok,80.858444,497.9152115,2008,343080,167,2,69
pointer_rc_long,go,ok,104.533316,10.47434,2152,1585314,142,3,55
hash_map,strut,ok,411.073608,17.5820785,12924,14552,188,2,80
hash_map,cpp,ok,405.886109,19.638479,12828,14560,201,3,87
hash_map,rust,ok,212.140318,11.429286000000001,5708,355408,191,1,86
hash_map,go,ok,110.516385,15.6040365,6788,1589410,162,3,77
ordered_map,strut,ok,401.413987,42.8023565,13100,14552,204,2,80
ordered_map,cpp,ok,380.039973,40.267207,13144,14560,181,3,87
ordered_map,rust,ok,188.803536,24.8330755,6068,347168,193,1,86
ordered_map,go,ok,110.137233,15.2432345,7268,1589410,162,3,77
hash_set,strut,ok,411.38151,17.5225235,12956,14480,188,2,84
hash_set,cpp,ok,393.045159,16.4104895,12880,14560,194,3,82
hash_set,rust,ok,187.29483,9.693742499999999,4224,355024,179,1,79
hash_set,go,ok,108.037816,15.953996,6948,1589410,176,3,88
queue_ops,strut,ok,399.86447,2.344418,4620,14552,183,2,78
queue_ops,cpp,ok,380.487091,2.100417,4484,14560,180,3,85
queue_ops,rust,ok,106.561231,1.8828325000000001,3012,343832,186,1,77
queue_ops,go,ok,113.009337,3.1041040000000004,3596,1589410,157,3,72
stack_ops,strut,ok,385.060573,2.4181245000000002,4824,14552,181,2,78
stack_ops,cpp,ok,373.883275,2.2967095,4808,14560,178,3,85
stack_ops,rust,ok,97.367135,1.4975955,3016,343704,138,1,70
stack_ops,go,ok,104.782013,2.9320405000000003,3596,1589410,183,3,97
priority_queue_ops,strut,ok,399.321347,11.868817,4524,14552,199,2,78
priority_queue_ops,cpp,ok,373.526671,11.5131945,4536,14560,187,3,85
priority_queue_ops,rust,ok,108.608865,9.435426,3000,343784,179,1,77
priority_queue_ops,go,ok,105.246534,47.6933375,8636,1593506,432,9,239
queue_ops_long,strut,ok,393.011819,11.2910415,11984,14552,184,2,78
queue_ops_long,cpp,ok,393.823177,11.096194,11828,14560,181,3,85
queue_ops_long,rust,ok,108.83432,10.165866,10040,343832,187,1,77
queue_ops_long,go,ok,112.931063,14.602905499999999,18180,1589410,159,3,72
hash_set_long,strut,ok,395.345872,145.87641100000002,88980,14480,190,2,84
hash_set_long,cpp,ok,374.184947,143.312963,89008,14560,196,3,82
hash_set_long,rust,ok,188.627263,353.388806,33020,355024,181,1,79
hash_set_long,go,ok,108.225861,511.8677775,76548,1589410,179,3,88
priority_queue_ops_long,strut,ok,400.421602,98.64021,11644,14552,200,2,78
priority_queue_ops_long,cpp,ok,391.911054,104.8586215,11720,14560,188,3,85
priority_queue_ops_long,rust,ok,110.203217,72.81560400000001,9892,343784,180,1,77
priority_queue_ops_long,go,ok,107.093006,491.33357,68136,1593506,433,9,239
