implementation,endpoint,connections,repetition,requests_per_sec,latency_p50_ms,latency_p95_ms,latency_p99_ms,latency_max_ms,errors,socket_errors,non2xx,server_cpu_percent,server_rss_mb,duration_s,threads
go,/plaintext,1,1,7153.39,0.134,0.231,0.231,,0,0,0,36.35861768881827,12.53515625,15,2
go,/plaintext,50,1,25621.37,1.95,4.97,4.97,,0,0,0,93.13973810524118,13.0078125,15,2
go,/json,1,1,6789.28,0.135,1.0,1.0,,0,0,0,36.57619454754295,12.69140625,15,2
go,/json,50,1,25100.55,1.96,4.04,4.04,,0,0,0,96.0639991299457,13.17578125,15,2
rust,/plaintext,1,1,8195.87,0.114,0.577,0.577,,0,0,0,20.23605937330735,3.08984375,15,2
rust,/plaintext,50,1,38161.73,1.23,2.5,2.5,,0,0,0,94.58719167702625,4.41015625,15,2
rust,/json,1,1,7881.98,0.11900000000000001,0.621,0.621,,0,0,0,20.2688343597955,4.41015625,15,2
rust,/json,50,1,36776.47,1.33,2.21,2.21,,0,0,0,95.45276596280813,4.515625,15,2
strut,/plaintext,1,1,4760.0,0.191,4.22,4.22,,0,0,0,38.02065448988199,4.55859375,15,2
strut,/plaintext,50,1,9122.17,5.34,9.14,9.14,,0,0,0,93.31103928186408,5.58203125,15,2
strut,/json,1,1,4866.15,0.196,0.79,0.79,,0,0,0,42.422814126366795,5.58203125,15,2
strut,/json,50,1,8493.92,5.71,11.02,11.02,,0,0,0,93.06295123936138,5.640625,15,2
